book_title,isbn,user_id
Night Whispers,0671525743,52853
Jewel (Oprah's Book Club),0671042572,52853
Ladder of Years,0449910571,52853
Open House,0375506039,52853
Middlesex: A Novel,0374199698,52853
Choke,0385720920,52853
The Sum of All Fears,0425184226,52853
The Kitchen God's Wife,080410753X,52853
Digital Fortress : A Thriller,0312995423,52853
AGE OF INNOCENCE (MOVIE TIE-IN),002026478X,52853
On the Road,0140042598,52853
